{"cameraMode":{"drawMode":0,"name":"Shaded","section":"Shading Mode"},"sceneLighting":true,"audioPlay":false,"sceneViewState":{"m_AlwaysRefresh":false,"showFog":true,"showSkybox":true,"showFlares":true,"showImageEffects":true,"showParticleSystems":true,"showVisualEffectGraphs":true,"m_FxEnabled":true},"in2DMode":false,"pivot":{"x":0.7824993133544922,"y":-2.9567508697509767,"z":-10.462442398071289},"rotation":{"x":0.0038306822534650566,"y":0.9878465533256531,"z":-0.15415917336940766,"w":0.023677213117480279},"size":7.610240459442139,"orthographic":false}